n,record_side_2026_09_23,our_side,difference,method,tilted_record,tilted_ours,squares_moved_gt_0.05,max_shift,check_packing_16d,verify_mp_50d,shrink_2e-11_control,sha256_prefix,record_first_credit,record_latest_change
103,10.70378195534367,10.70377984436967189,-2.110974e-06,slp_polish,40,47,10,0.1242,VALID,VALID,FAIL,54372630631b7f15,"T. Schadt, Dec 2025","T. Stead, Jun 2026"
105,10.80761933330707,10.80758853319602153,-3.080011e-05,slp_polish,59,60,3,0.0756,VALID,VALID,FAIL,51f841e0fe85f955,"T. Schadt, Dec 2025","D. Ellsworth, Mar 2026"
106,10.82297973416944,10.82293693182615435,-4.280234e-05,gpu_sa+slp,22,24,8,0.3182,VALID,VALID,FAIL,4792198a50db13d0,"D. Ellsworth, Nov 2024","D. W. Cantrell, Dec 2024"
123,11.60139979378801,11.60138465962087828,-1.513417e-05,gpu_sa+slp,36,39,23,0.1851,VALID,VALID,FAIL,05d55c6bbda26583,"D. Ellsworth, Dec 2024","D. W. Cantrell, Jan 2025"
131,11.95652543280926,11.95652190193193043,-3.530877e-06,slp_polish,44,45,3,0.2638,VALID,VALID,FAIL,232a8077c35eaad7,"D. Ellsworth, Jan 2026","T. Stead, Jun 2026"
132,11.99137344423646,11.99134529315214159,-2.815108e-05,slp_polish,52,51,12,0.3775,VALID,VALID,FAIL,f4121d3f543c0d0f,"Arslanov, Mustafin & Shangitbayev, Mar 2019","T. Stead, Jun 2026"
152,12.83095954472600,12.83071880600230408,-2.407387e-04,slp_polish,28,31,0,0.0389,VALID,VALID,FAIL,c1cecf18cab99e17,"D. Ellsworth & D. W. Cantrell, Jan 2025","G. Dyachkov, Sep 2026"
154,12.93166712962655,12.93166403111078111,-3.098516e-06,slp_polish,56,56,0,0.0424,VALID,VALID,FAIL,0ecdb3e2e6edc95a,"D. Ellsworth, Dec 2024","T. Stead, Jun 2026"
155,12.95844711161529,12.95820609164224457,-2.410200e-04,slp_polish,59,66,9,0.1958,VALID,VALID,FAIL,17c3d657d0dbeb9c,"D. Ellsworth, Jan 2026","T. Stead, Jun 2026"
156,12.98208376048414,12.98208269973811824,-1.060746e-06,slp_polish,53,54,3,0.2024,VALID,VALID,FAIL,4fba508f96b02775,"Arslanov, Mustafin & Shangitbayev, Mar 2019","T. Stead, Jun 2026"
180,13.93508705291129,13.93500418116475004,-8.287175e-05,slp_polish,59,60,3,0.0742,VALID,VALID,FAIL,132c1ad7ac640a50,"D. Ellsworth, Jan 2026","T. Stead, Jun 2026"
181,13.95690672341755,13.95679529257278872,-1.114308e-04,slp_polish,65,71,5,0.1826,VALID,VALID,FAIL,c1fca0acb9afb083,"D. Ellsworth, Jan 2026","T. Stead, Jun 2026"
182,13.97419105332569,13.97409071444282525,-1.003389e-04,slp_polish,61,59,5,0.1446,VALID,VALID,FAIL,99ada8dabf793492,"Arslanov, Mustafin & Shangitbayev, Mar 2019","T. Stead, Jun 2026"
207,14.89395494255333,14.89395465342147418,-2.891319e-07,slp_polish,36,60,2,0.0581,VALID,VALID,FAIL,1272eef32261e1d9,"D. Ellsworth, Nov 2024","T. Stead, Jun 2026"
208,14.93776656277905,14.93761283595916289,-1.537268e-04,slp_polish,70,74,6,0.1034,VALID,VALID,FAIL,b4ec814e44120825,"D. Ellsworth, Jan 2026","T. Stead, Jun 2026"
209,14.95861500087481,14.95856148981292932,-5.351106e-05,slp_polish,75,79,0,0.0061,VALID,VALID,FAIL,bca1e1d784bff8d6,"D. Ellsworth, Jan 2026","T. Stead, Jun 2026"
210,14.97413341886404,14.97381035691250695,-3.230620e-04,slp_polish,73,73,9,0.1901,VALID,VALID,FAIL,ea0f83cf1537a2ed,"Arslanov, Mustafin & Shangitbayev, Mar 2019","T. Stead, Jun 2026"
228,15.60902282132495,15.60895620815939289,-6.661317e-05,slp_polish,51,60,32,0.1662,VALID,VALID,FAIL,2c9e08c6dfa15877,"D. Ellsworth, Nov 2024","D. Ellsworth, Dec 2024"
236,15.87607539315201,15.87606262597991957,-1.276717e-05,slp_polish,38,50,26,0.1192,VALID,VALID,FAIL,e8aae5d20673f66e,"D. Ellsworth, Nov 2024","G. Dyachkov, Sep 2026"
237,15.91421356237309,15.91292783720833270,-1.285725e-03,slp_polish,38,38,21,0.2013,VALID,VALID,FAIL,9f359826e48066a9,"D. Ellsworth, Dec 2024",
238,15.93965520031394,15.93958571370620980,-6.948661e-05,slp_polish,79,79,4,0.2539,VALID,VALID,FAIL,9a68aa58294bfc4a,"D. Ellsworth, Feb 2026","G. Dyachkov, Aug 2026"
239,15.95635358406308,15.95623903092502971,-1.145531e-04,slp_polish,82,83,3,0.1075,VALID,VALID,FAIL,26236c472546eabc,"D. Ellsworth, Jan 2026","T. Stead, Jun 2026"
240,15.97556282833087,15.97536577224557242,-1.970561e-04,slp_polish,86,87,0,0.0378,VALID,VALID,FAIL,4a66cb1132b3fdd0,"K. Hajba, Sep 2015","T. Stead, Jun 2026"
241,15.99080517810520,15.99043971050729418,-3.654676e-04,slp_polish,84,86,10,0.2704,VALID,VALID,FAIL,2b2895533fc0794a,"Arslanov, Mustafin & Shangitbayev, Mar 2019","T. Stead, Jun 2026"
259,16.60257141234448,16.60256850594295841,-2.906402e-06,slp_polish,57,65,38,0.1737,VALID,VALID,FAIL,ab80b40dbc4bc248,"D. Ellsworth, Dec 2024","D. Ellsworth, Jan 2026"
268,16.87931143465371,16.87895510935973675,-3.563253e-04,slp_polish,54,84,22,0.1479,VALID,VALID,FAIL,eb58fd61e3b537c4,"D. Ellsworth, Nov 2024","G. Dyachkov, Sep 2026"
269,16.90596764828402,16.90596713867399714,-5.096100e-07,slp_polish,42,50,24,0.1622,VALID,VALID,FAIL,59390bfd5174ea13,"D. Ellsworth, Nov 2024","D. Ellsworth, Jan 2025"
270,16.94062059800744,16.94057158197226087,-4.901604e-05,slp_polish,87,97,0,0.0365,VALID,VALID,FAIL,cb6a42556eb47f07,"D. Ellsworth, Feb 2026","T. Stead, Jun 2026"
271,16.95499909412532,16.95479445810086716,-2.046360e-04,slp_polish,91,93,13,0.2165,VALID,VALID,FAIL,ef26e76991ca6a47,"D. Ellsworth, Feb 2026","T. Stead, Jun 2026"
272,16.96971602419903,16.96944950195848989,-2.665222e-04,slp_polish,94,93,0,0.0425,VALID,VALID,FAIL,7cfa07741f4c58ee,"L. Cleemann, 1991–98","T. Stead, Jun 2026"
273,16.98820725030513,16.98811467146214582,-9.257884e-05,slp_polish,98,99,10,0.3167,VALID,VALID,FAIL,45a899723724a40e,"Arslanov, Mustafin & Shangitbayev, Mar 2019","T. Stead, Jun 2026"
292,17.60257141234448,17.60256849240573729,-2.919939e-06,slp_polish,57,68,36,0.1650,VALID,VALID,FAIL,66f3c402073ee74e,D. Ellsworth (extends s(259)),"D. Ellsworth, Jan 2026"
297,17.74106074604732,17.74092885618564353,-1.318899e-04,slp_polish,108,113,0,0.0069,VALID,VALID,FAIL,3377c8ef6ff64064,"D. Ellsworth, Jan 2025","T. Stead, Jun 2026"
301,17.86889155557430,17.86867840793058804,-2.131476e-04,slp_polish,42,48,16,0.1143,VALID,VALID,FAIL,ddde2da3109db33e,"D. Ellsworth, Jan 2025","T. Stead, Jun 2026"
303,17.93125509556197,17.93105636462953001,-1.987309e-04,slp_polish,96,97,3,0.1797,VALID,VALID,FAIL,72024b43cdf2bab6,"D. Ellsworth, Apr 2026","T. Stead, Jun 2026"
304,17.94910783564662,17.94880191214547338,-3.059235e-04,slp_polish,92,95,6,0.0746,VALID,VALID,FAIL,41afc5b2a7b32853,"D. Ellsworth, May 2026","T. Stead, Jun 2026"
305,17.96066201401205,17.96053668235995815,-1.253317e-04,slp_polish,95,97,0,0.0296,VALID,VALID,FAIL,0892624796cc6cf9,"D. Ellsworth, Mar 2026","T. Stead, Jun 2026"
306,17.96913960675661,17.96846609160515484,-6.735152e-04,slp_polish,106,105,7,0.2452,VALID,VALID,FAIL,481a67e63cdb055f,"D. Ellsworth, Feb 2026","T. Stead, Jun 2026"
307,17.98272201579610,17.98205200143469895,-6.700144e-04,slp_polish,105,106,5,0.2844,VALID,VALID,FAIL,01d772130c3ad6d7,"Arslanov, Mustafin & Shangitbayev, Mar 2019","T. Stead, Jun 2026"
