11	open	31/8	3.875	counting	Kleddamag	[Kleddamag n11 2026]	Kleddamag after Levy	2026-09-22	31/8	3.875	E-n011-kleddamag-3875-source-replay,E-n011-kleddamag-3875-native-parent-core	Kleddamag after Levy 2026, GitHub	True	external
12	open	15680/3951	3.968616	counting	Evan Daniel	[evand square-packing 2026]	Daniel after Burns, Massaccesi	2026-09-27	15680/3951	3.968616	E-n012-evand-15680-3951-source-replay,E-n012-evand-15680-3951-native-parent-core	Daniel after Burns, Massaccesi 2026, GitHub	True	external
17	open	466001/100000	4.66001	counting	Kleddamag	[Kleddamag n17 4.66001]	Kleddamag after Levy, Mira, Guzhou0806	2026-09-27	466001/100000	4.66001	E-n017-kleddamag-466001-source-replay	Kleddamag after Levy, Mira, Guzhou0806 2026, GitHub	True	external
18	open	939/200	4.695	counting	wand125	[wand125 rectangle bounds 2026]	wand125 after Tokoharu, Levy	2026-09-27	4679/1000	4.679	E-n018-t030-fractional-certificate,E-fractional-interval-decision	Squares Project (Levy) 2026, result T-030	True	project
19	open	963/200	4.815	counting	wand125	[wand125 rectangle bounds 2026]	wand125 after Tokoharu, Levy	2026-09-27	24/5	4.8	E-n020-fractional-certificate,E-fractional-interval-decision	Squares Project (Levy) 2026, result T-020	True	project
20	open	979/200	4.895	counting	wand125	[wand125 rectangle bounds 2026]	wand125 after Tokoharu, Levy	2026-09-27	97/20	4.85	E-n020-fractional-certificate-97-20,E-fractional-interval-decision	Squares Project (Levy) 2026, result T-021	True	project
21	proved	5	5	counting	Evan Daniel	[evand square-packing 2026-09-28]	Daniel after Burns, Massaccesi	2026-09-28	5	5	E-n021-evand-mixed-cover-zmx2-replay	Daniel after Burns, Massaccesi 2026, GitHub	True	external
26	open	553/100	5.53	counting	wand125	[wand125 rectangle bounds 2026]	wand125 after Tokoharu, Levy	2026-09-27	1377/250	5.508	E-tokoharu-density-source-replay	Tokoharu after Levy, wand125 2026, GitHub	True	external
27	open	28/5	5.6	counting	wand125	[wand125 rectangle bounds 2026]	wand125 after Tokoharu, Levy	2026-09-27	28/5	5.6	E-wand125-rectangle-source-replay	wand125 after Tokoharu, Levy 2026, GitHub	True	external
28	open	143/25	5.72	counting	wand125	[wand125 rectangle bounds 2026-09-28]	wand125 after Tokoharu, Levy	2026-09-28	28/5	5.6	E-wand125-rectangle-source-replay	wand125 after Tokoharu, Levy 2026, GitHub	True	external
29	open	579/100	5.79	counting	wand125	[wand125 rectangle bounds 2026-09-28]	wand125 after Tokoharu, Levy	2026-09-28	571/100	5.71	E-tokoharu-density-source-replay	Tokoharu after Levy, wand125 2026, GitHub	True	external
30	open	1173/200	5.865	counting	wand125	[wand125 rectangle bounds 2026]	wand125 after Tokoharu, Levy	2026-09-27	571/100	5.71	E-tokoharu-density-source-replay	Tokoharu after Levy, wand125 2026, GitHub	True	external
31	open	1187/200	5.935	counting	wand125	[wand125 rectangle bounds 2026-09-28]	wand125 after Tokoharu, Levy	2026-09-28	148/25	5.92	E-wand125-rectangle-source-replay	wand125 after Tokoharu, Levy 2026, GitHub	True	external
32	proved	6	6	counting	Evan Daniel	[evand square-packing 2026]	Daniel after Burns, Massaccesi	2026-09-27	6	6	E-n032-evand-closed-cover-source-run	Daniel after Burns, Massaccesi 2026, GitHub	True	external
37	open	257/40	6.425	counting	wand125	[wand125 rectangle bounds 2026-09-28]	wand125 after Tokoharu, Levy	2026-09-28	sqrt(37 - 2*floor(sqrt(37)) + 1) + 1	6.09901951359	E-nagamochi-lower	Nagamochi 2005, Electron. J. Combin. 12, #R37	False	external
38	open	327/50	6.54	counting	wand125	[wand125 rectangle bounds 2026-09-28]	wand125 after Tokoharu, Levy	2026-09-28	sqrt(38 - 2*floor(sqrt(38)) + 1) + 1	6.19615242271	E-nagamochi-lower	Nagamochi 2005, Electron. J. Combin. 12, #R37	False	external
39	open	663/100	6.63	counting	wand125	[wand125 rectangle bounds 2026-09-28]	wand125 after Tokoharu, Levy	2026-09-28	13/2	6.5	E-wand125-point-source-replay	wand125 after Levy 2026, GitHub	True	external
40	open	1339/200	6.695	counting	wand125	[wand125 rectangle bounds 2026]	wand125 after Tokoharu, Levy	2026-09-27	13/2	6.5	E-wand125-point-source-replay	wand125 after Levy 2026, GitHub	True	external
41	open	1351/200	6.755	counting	wand125	[wand125 rectangle bounds 2026-09-28]	wand125 after Tokoharu, Levy	2026-09-28	13/2	6.5	E-wand125-point-source-replay	wand125 after Levy 2026, GitHub	True	external
42	open	679/100	6.79	counting	wand125	[wand125 rectangle bounds 2026-09-28]	wand125 after Tokoharu, Levy	2026-09-28	sqrt(42 - 2*floor(sqrt(42)) + 1) + 1	6.56776436283	E-nagamochi-lower	Nagamochi 2005, Electron. J. Combin. 12, #R37	False	external
43	open	1373/200	6.865	counting	wand125	[wand125 rectangle bounds 2026-09-28]	wand125 after Tokoharu, Levy	2026-09-28	sqrt(43 - 2*floor(sqrt(43)) + 1) + 1	6.65685424949	E-nagamochi-lower	Nagamochi 2005, Electron. J. Combin. 12, #R37	False	external
44	open	1387/200	6.935	counting	wand125	[wand125 rectangle bounds 2026-09-28]	wand125 after Tokoharu, Levy	2026-09-28	sqrt(44 - 2*floor(sqrt(44)) + 1) + 1	6.74456264654	E-nagamochi-lower	Nagamochi 2005, Electron. J. Combin. 12, #R37	False	external
45	proved	7	7	counting	Evan Daniel	[evand square-packing 2026-09-28]	Daniel after Burns, Massaccesi	2026-09-28	7	7	E-n045-evand-mixed-cover-zmx2-replay	Daniel after Burns, Massaccesi 2026, GitHub	True	external
50	open	37/5	7.4	counting	wand125	[wand125 point and mixed bounds 2026-09-28]	wand125 after Daniel, Tokoharu	2026-09-28	sqrt(50 - 2*floor(sqrt(50)) + 1) + 1	7.0827625303	E-nagamochi-lower	Nagamochi 2005, Electron. J. Combin. 12, #R37	False	external
51	open	2977/400	7.4425	counting	wand125	[wand125 rectangle bounds 2026-09-28]	wand125 after Tokoharu, Levy	2026-09-28	sqrt(51 - 2*floor(sqrt(51)) + 1) + 1	7.16441400297	E-nagamochi-lower	Nagamochi 2005, Electron. J. Combin. 12, #R37	False	external
52	open	1507/200	7.535	counting	wand125	[wand125 rectangle bounds 2026-09-28]	wand125 after Tokoharu, Levy	2026-09-28	369/50	7.38	E-wand125-n052-derived-lower	wand125 after Levy 2026, GitHub	True	external
53	open	1519/200	7.595	counting	wand125	[wand125 rectangle bounds 2026-09-28]	wand125 after Tokoharu, Levy	2026-09-28	369/50	7.38	E-wand125-point-source-replay	wand125 after Levy 2026, GitHub	True	external
54	open	3067/400	7.6675	counting	wand125	[wand125 rectangle bounds 2026-09-28]	wand125 after Tokoharu, Levy	2026-09-28	sqrt(54 - 2*floor(sqrt(54)) + 1) + 1	7.40312423743	E-nagamochi-lower	Nagamochi 2005, Electron. J. Combin. 12, #R37	False	external
55	open	771/100	7.71	counting	wand125	[wand125 rectangle bounds 2026-09-28]	wand125 after Tokoharu, Levy	2026-09-28	377/50	7.54	E-wand125-point-source-replay	wand125 after Levy 2026, GitHub	True	external
56	open	777/100	7.77	counting	wand125	[wand125 rectangle bounds 2026-09-28]	wand125 after Tokoharu, Levy	2026-09-28	381/50	7.62	E-wand125-point-source-replay	wand125 after Levy 2026, GitHub	True	external
57	open	1567/200	7.835	counting	wand125	[wand125 rectangle bounds 2026-09-28]	wand125 after Tokoharu, Levy	2026-09-28	sqrt(57 - 2*floor(sqrt(57)) + 1) + 1	7.63324958071	E-nagamochi-lower	Nagamochi 2005, Electron. J. Combin. 12, #R37	False	external
58	open	789/100	7.89	counting	wand125	[wand125 rectangle bounds 2026-09-28]	wand125 after Tokoharu, Levy	2026-09-28	sqrt(58 - 2*floor(sqrt(58)) + 1) + 1	7.7082039325	E-nagamochi-lower	Nagamochi 2005, Electron. J. Combin. 12, #R37	False	external
59	open	198/25	7.92	counting	wand125	[wand125 rectangle bounds 2026-09-28]	wand125 after Tokoharu, Levy	2026-09-28	sqrt(59 - 2*floor(sqrt(59)) + 1) + 1	7.78232998313	E-nagamochi-lower	Nagamochi 2005, Electron. J. Combin. 12, #R37	False	external
60	open	397/50	7.94	counting	wand125	[wand125 rectangle bounds 2026-09-28]	wand125 after Tokoharu, Levy	2026-09-28	sqrt(60 - 2*floor(sqrt(60)) + 1) + 1	7.8556546004	E-nagamochi-lower	Nagamochi 2005, Electron. J. Combin. 12, #R37	False	external
61	open	199/25	7.96	counting	wand125	[wand125 rectangle bounds 2026]	wand125 after Tokoharu, Levy	2026-09-27	sqrt(61 - 2*floor(sqrt(61)) + 1) + 1	7.92820323028	E-nagamochi-lower	Nagamochi 2005, Electron. J. Combin. 12, #R37	False	external
66	open	67/8	8.375	counting	wand125	[wand125 rectangle bounds 2026-09-28]	wand125 after Tokoharu, Levy	2026-09-28	sqrt(66 - 2*floor(sqrt(66)) + 1) + 1	8.14142842854	E-nagamochi-lower	Nagamochi 2005, Electron. J. Combin. 12, #R37	False	external
67	open	1691/200	8.455	counting	wand125	[wand125 rectangle bounds 2026-09-28]	wand125 after Tokoharu, Levy	2026-09-28	sqrt(67 - 2*floor(sqrt(67)) + 1) + 1	8.21110255093	E-nagamochi-lower	Nagamochi 2005, Electron. J. Combin. 12, #R37	False	external
68	open	1699/200	8.495	counting	wand125	[wand125 rectangle bounds 2026-09-28]	wand125 after Tokoharu, Levy	2026-09-28	841/100	8.41	E-wand125-n068-derived-lower	wand125 after Levy 2026, GitHub	True	external
69	open	343/40	8.575	counting	wand125	[wand125 rectangle bounds 2026-09-28]	wand125 after Tokoharu, Levy	2026-09-28	841/100	8.41	E-wand125-point-source-replay	wand125 after Levy 2026, GitHub	True	external
70	open	431/50	8.62	counting	wand125	[wand125 rectangle bounds 2026-09-28]	wand125 after Tokoharu, Levy	2026-09-28	171/20	8.55	E-wand125-point-source-replay	wand125 after Levy 2026, GitHub	True	external
71	open	1737/200	8.685	counting	wand125	[wand125 rectangle bounds 2026-09-28]	wand125 after Tokoharu, Levy	2026-09-28	171/20	8.55	E-wand125-point-source-replay	wand125 after Levy 2026, GitHub	True	external
72	open	437/50	8.74	counting	wand125	[wand125 rectangle bounds 2026-09-28]	wand125 after Tokoharu, Levy	2026-09-28	861/100	8.61	E-wand125-point-source-replay	wand125 after Levy 2026, GitHub	True	external
73	open	439/50	8.78	counting	wand125	[wand125 rectangle bounds 2026-09-28]	wand125 after Tokoharu, Levy	2026-09-28	sqrt(73 - 2*floor(sqrt(73)) + 1) + 1	8.61577310586	E-nagamochi-lower	Nagamochi 2005, Electron. J. Combin. 12, #R37	False	external
74	open	221/25	8.84	counting	wand125	[wand125 rectangle bounds 2026-09-28]	wand125 after Tokoharu, Levy	2026-09-28	sqrt(74 - 2*floor(sqrt(74)) + 1) + 1	8.68114574787	E-nagamochi-lower	Nagamochi 2005, Electron. J. Combin. 12, #R37	False	external
75	open	889/100	8.89	counting	wand125	[wand125 rectangle bounds 2026]	wand125 after Tokoharu, Levy	2026-09-27	sqrt(75 - 2*floor(sqrt(75)) + 1) + 1	8.74596669241	E-nagamochi-lower	Nagamochi 2005, Electron. J. Combin. 12, #R37	False	external
76	open	223/25	8.92	counting	wand125	[wand125 rectangle bounds 2026-09-28]	wand125 after Tokoharu, Levy	2026-09-28	sqrt(76 - 2*floor(sqrt(76)) + 1) + 1	8.81024967591	E-nagamochi-lower	Nagamochi 2005, Electron. J. Combin. 12, #R37	False	external
77	open	223/25	8.92	monotonicity	wand125	[wand125 rectangle bounds 2026-09-28]	wand125 after Tokoharu, Levy	2026-09-28	sqrt(77 - 2*floor(sqrt(77)) + 1) + 1	8.87400787401	E-nagamochi-lower	Nagamochi 2005, Electron. J. Combin. 12, #R37	False	external
78	open	1791/200	8.955	counting	wand125	[wand125 rectangle bounds 2026]	wand125 after Tokoharu, Levy	2026-09-27	sqrt(78 - 2*floor(sqrt(78)) + 1) + 1	8.93725393319	E-nagamochi-lower	Nagamochi 2005, Electron. J. Combin. 12, #R37	False	external
86	open	1871/200	9.355	counting	wand125	[wand125 rectangle bounds 2026-09-28]	wand125 after Tokoharu, Levy	2026-09-28	sqrt(86 - 2*floor(sqrt(86)) + 1) + 1	9.30662386292	E-nagamochi-lower	Nagamochi 2005, Electron. J. Combin. 12, #R37	False	external
88	open	189/20	9.45	counting	wand125	[wand125 rectangle bounds 2026-09-28]	wand125 after Tokoharu, Levy	2026-09-28	sqrt(88 - 2*floor(sqrt(88)) + 1) + 1	9.42614977318	E-nagamochi-lower	Nagamochi 2005, Electron. J. Combin. 12, #R37	False	external
89	open	191/20	9.55	counting	wand125	[wand125 rectangle bounds 2026-09-28]	wand125 after Tokoharu, Levy	2026-09-28	sqrt(89 - 2*floor(sqrt(89)) + 1) + 1	9.48528137424	E-nagamochi-lower	Nagamochi 2005, Electron. J. Combin. 12, #R37	False	external
90	open	191/20	9.55	monotonicity	wand125	[wand125 rectangle bounds 2026-09-28]	wand125 after Tokoharu, Levy	2026-09-28	sqrt(90 - 2*floor(sqrt(90)) + 1) + 1	9.54400374532	E-nagamochi-lower	Nagamochi 2005, Electron. J. Combin. 12, #R37	False	external
91	open	1929/200	9.645	counting	wand125	[wand125 rectangle bounds 2026-09-28]	wand125 after Tokoharu, Levy	2026-09-28	sqrt(91 - 2*floor(sqrt(91)) + 1) + 1	9.60232526704	E-nagamochi-lower	Nagamochi 2005, Electron. J. Combin. 12, #R37	False	external
94	open	1959/200	9.795	counting	wand125	[wand125 rectangle bounds 2026-09-28]	wand125 after Tokoharu, Levy	2026-09-28	sqrt(94 - 2*floor(sqrt(94)) + 1) + 1	9.77496438739	E-nagamochi-lower	Nagamochi 2005, Electron. J. Combin. 12, #R37	False	external
95	open	49209/5000	9.8418	counting	wand125	[wand125 rectangle bounds 2026-09-28]	wand125 after Tokoharu, Levy	2026-09-28	sqrt(95 - 2*floor(sqrt(95)) + 1) + 1	9.83176086633	E-nagamochi-lower	Nagamochi 2005, Electron. J. Combin. 12, #R37	False	external
