upstream_path	upstream_git_blob	upstream_bytes	stored_path
s12/CREDITS.md	7bdfa0da78c54576b3d3326f05fdbfd4312a38a7	7246	source/s12/CREDITS.md
s12/LICENSE	52cf89d2125f517a425c9a57c998dd85d83d7741	1068	source/s12/LICENSE
s12/README.md	f23b67f996b6309e7cfdb8fca19ddb39976c07a4	42519	source/s12/README.md
s12/VERIFICATION.md	f24c48f2f8f05cf465e2178994c248c2a68fda0f	19669	source/s12/VERIFICATION.md
s12/certificates/k2m3/L4_k02_box7.txt	e28fabfaa309334983e4e2e33355afbcf758b962	18238	source/s12/certificates/k2m3/L4_k02_box7.txt
s12/certificates/k2m3/L4_k02_exact.json	328ee57d340cffb7e27a02606e1f1ac163daa2ee	2593	source/s12/certificates/k2m3/L4_k02_exact.json
s12/certificates/k2m3/L4_k02_family.txt	be71d3dbb0370bd95d39c9c667973aafc7d3e1b2	3856	source/s12/certificates/k2m3/L4_k02_family.txt
s12/certificates/k2m3/README.md	4383f69a09247493b8924942869a3a075e4907d4	15698	source/s12/certificates/k2m3/README.md
s12/certificates/k2m3/SHA256SUMS	97f53401b84c865a89ad8eea1ea837462321b2b9	912	source/s12/certificates/k2m3/SHA256SUMS
s12/certificates/k2m3/qx2_zm/checker/mixed_cover.py	9779d73c390e676a3acbea4ae94e8ab47d3fe79b	13195	source/s12/certificates/k2m3/qx2_zm/checker/mixed_cover.py
s12/certificates/k2m3/qx2_zm/checker/qx2_zm.py	256fd4bbf0e446a022f63be09a999dc69e3ac024	64316	source/s12/certificates/k2m3/qx2_zm/checker/qx2_zm.py
s12/certificates/k2m3/qx2_zm/checker/zeromargin.py	cd881bdd391cbeeb1eba80d8954d16bf1d82e3bc	79383	source/s12/certificates/k2m3/qx2_zm/checker/zeromargin.py
s12/certificates/k2m3/qx2_zm/checker/zm_mixed.py	577d4f22058d452513b3f287cf1c9a57b6d97897	86265	source/s12/certificates/k2m3/qx2_zm/checker/zm_mixed.py
s12/certificates/k2m3/qx2_zm/lemmaZ.out	82c76dce5acb29ce3ec5abfab74bd2116ef66170	185	source/s12/certificates/k2m3/qx2_zm/lemmaZ.out
s12/certificates/k2m3/qx2_zm/runV3_6294052a_leaves.jsonl.gz	c0dc1d6ea3a9ac41922f8f2900fe3e31742da2bb	344540	source/s12/certificates/k2m3/qx2_zm/runV3_6294052a_leaves.jsonl.gz
s12/certificates/k2m3/qx2_zm/runV3_6294052a_leaves.out	d2f96028e7ad527a8100b9df95e4aa36978d6ed0	3449	source/s12/certificates/k2m3/qx2_zm/runV3_6294052a_leaves.out
s12/certificates/k2m3/verify.sh	4e4ad272b6af3f2f978ece1322594aa6726de8f6	4447	source/s12/certificates/k2m3/verify.sh
s12/certificates/s21/FORMAT.md	7c89ea38172dcc1cf5c9bb0518c0dd457944c033	3099	source/s12/certificates/s21/FORMAT.md
s12/certificates/s32/README.md	d3aaebb8deec74534a585fd0f4290ff759e37d49	8463	source/s12/certificates/s32/README.md
s12/certificates/s32/SHA256SUMS	6ac56b8b5606244bfb4f732b4488883d6823ee20	653	source/s12/certificates/s32/SHA256SUMS
s12/certificates/s32/verify.sh	b1d196a908d17682c5ceaaec47db3eee0eb4be46	3688	source/s12/certificates/s32/verify.sh
s12/certificates/s32/zmx2_full_sym/manifest.txt	acfc824a4b7fb12e1bf53cead40ca72bbe98f74a	1614	source/s12/certificates/s32/zmx2_full_sym/manifest.txt
s12/certificates/s32/zmx2_full_sym/roots.log.xz	dd602f5d34d0cd9e92e81b75b392c6f8527e883d	154520	source/s12/certificates/s32/zmx2_full_sym/roots.log.xz
s12/certificates/s32/zmx2_full_sym/run.out	7751d29bbf6a0a5e4e8970f846b78b01ea27d450	513	source/s12/certificates/s32/zmx2_full_sym/run.out
s12/certificates/s60/README.md	2b313440c3b6d7a22316980d52fd2120afb11ce8	11790	source/s12/certificates/s60/README.md
s12/certificates/s60/SHA256SUMS	2379fabb1dd43dab4a190af33d9aad87c0fdd188	647	source/s12/certificates/s60/SHA256SUMS
s12/certificates/s60/s60_mixed_cover_8.txt	abf6acbbe24db7941bd2b6e7bb935700fe1931f1	502991	source/s12/certificates/s60/s60_mixed_cover_8.txt.gz
s12/certificates/s60/verify.sh	a7662358f76db1fc6796447e85d624de0de14eaa	4554	source/s12/certificates/s60/verify.sh
s12/certificates/s60/zm_mixed_d4/manifest.json	16a33dccc96fcd45bf7d10b4c65c4f22705f7357	1919	source/s12/certificates/s60/zm_mixed_d4/manifest.json
s12/certificates/s60/zm_mixed_d4/roots.jsonl	dcecef5747952100a03e57b9e0db2f2b43cc5c50	30932080	source/s12/certificates/s60/zm_mixed_d4/roots.jsonl.gz
s12/certificates/s60/zm_mixed_d4/run.log	a4a5ee3213990fab5fdb77aebf1f62431c285369	2850	source/s12/certificates/s60/zm_mixed_d4/run.log
s12/certificates/s60/zmx2_d4/manifest.txt	04fa4b5d63dcb911aa23512bfbc7836dba256dbf	1698	source/s12/certificates/s60/zmx2_d4/manifest.txt
s12/certificates/s60/zmx2_d4/roots.log	b50d1309b86ed04898b336326259a7cf20eab29e	716652	source/s12/certificates/s60/zmx2_d4/roots.log.gz
s12/certificates/s60/zmx2_d4/run.out	192c868d7ddca2839ea137ddc56b57064f0ea2b4	7928	source/s12/certificates/s60/zmx2_d4/run.out
s12/certificates/s60/zmx2_full/manifest.txt	76330818f4ea5c876a9057d9687e9183cf05c47b	1710	source/s12/certificates/s60/zmx2_full/manifest.txt
s12/certificates/s60/zmx2_full/roots.log	93686590cf2a8d396205cbc96d2f25c6644ee2dd	5805609	source/s12/certificates/s60/zmx2_full/roots.log.gz
s12/certificates/s60/zmx2_full/run.out	14d03caf272a80746f0578af5d7955a77b80776f	64947	source/s12/certificates/s60/zmx2_full/run.out.gz
s12/docs/k2m3.html	3085f93a3d0daf3fcf16f14f10b3c390f96c2a46	90622	source/s12/docs/k2m3.html
s12/docs/s60.html	59a9c1df870cd845683f4e20691670e8934e3eab	21187	source/s12/docs/s60.html
s12/lean/LADDER.md	78b326f68d93a5ee7cf7b0d6ee477582f3d0e65e	33161	source/s12/lean/LADDER.md
s12/lean/Sqpack/Bentz.lean	fe5cd3b7cc6fc55eaa5c2a3436925db90fef215f	36739	source/s12/lean/Sqpack/Bentz.lean
s12/lean/Sqpack/BentzData.lean	74cf901dc4e8bbb321511e7a647229cdcae33210	27858	source/s12/lean/Sqpack/BentzData.lean
s12/lean/Sqpack/MixedMeasure.lean	196d723865ed62532795cbe229f3eaf2af525079	26334	source/s12/lean/Sqpack/MixedMeasure.lean
s12/lean/Sqpack/S12HLower.lean	ff5237a5515702a455a7a2c0f68790cdd4be1caa	1247	source/s12/lean/Sqpack/S12HLower.lean
s12/lean/scripts/gen_bentz_data.py	62fbcc3b2c18197b67af5ab4da558607a1f0566d	5845	source/s12/lean/scripts/gen_bentz_data.py
s12/notes/clique-family.md	e00e7d68b7454adde8281d8b6effd457859dc324	23553	source/s12/notes/clique-family.md
s12/notes/lean-bentz-reduction.md	f0caf12de6471903df69434bf5b6a7ce73817b15	6466	source/s12/notes/lean-bentz-reduction.md
s12/notes/n12-gap.md	4325e42fc8d800f1878e851db83c7754f858c2d6	53017	source/s12/notes/n12-gap.md
s12/search/CLIQUE_CONTINUUM.md	7b6b05696dade45f5d79d35aec3db6c992001b41	31193	source/s12/search/CLIQUE_CONTINUUM.md
s12/search/COVER4.md	4efb9e338da668df6b350a6ec232c8b0148cd905	13878	source/s12/search/COVER4.md
s12/search/DUAL_EXACT.md	4be73884cbe3ed2e81eec97028f7573d0f525b87	8535	source/s12/search/DUAL_EXACT.md
s12/search/FRIEDMAN.md	bf203f789c1893dfc32c67dd656606324a83692e	14391	source/s12/search/FRIEDMAN.md
s12/search/LEAF_CEILING.md	aa1fb1a7994df0ed02b24b009255f2aba400084f	39529	source/s12/search/LEAF_CEILING.md
s12/search/QUADRANT.md	e0bf7c9c0188aac0cf2860a3755660003f5ee5f8	28741	source/s12/search/QUADRANT.md
s12/search/QUADRANT_EXACT.md	0e1b364e90b644df61196cf0ed63d57a7a283aa4	48070	source/s12/search/QUADRANT_EXACT.md
s12/search/RANK8.md	3358e652c3b02fb08333e476e381c6e49b63e358	35505	source/s12/search/RANK8.md
s12/search/S21_KILL.md	ed84db7dfb6ee506ed7ca2e8a34d31e71b3b463f	12466	source/s12/search/S21_KILL.md
s12/search/S60_COVER.md	9898e887735b1f8bdc1045857075d54e84d1147a	15657	source/s12/search/S60_COVER.md
s12/search/T4_CYCLES.md	cc62d1ab1a5dbee90cb300aae03e443b75c83713	38651	source/s12/search/T4_CYCLES.md
s12/search/ZMX2.md	c3b2a07ae14d1906836c9743b1826a142e28c9da	40602	source/s12/search/ZMX2.md
s12/search/ZM_MIXED.md	67175dc0904eb99402f941b58a5f6bcd6ce0cd0b	58994	source/s12/search/ZM_MIXED.md
s12/search/clique_exact.py	d4057aa31b67b182dd217dcc26df95574064ca9d	10303	source/s12/search/clique_exact.py
s12/search/cover4_exact_support.txt	2291b6eb7d4f144bea8c22c38a40797a38c61170	22593	source/s12/search/cover4_exact_support.txt
s12/search/dual_exact.py	7fac7b791e28b45c53cd7cb6d766695050e196b9	22720	source/s12/search/dual_exact.py
s12/search/mixed_cover.py	9779d73c390e676a3acbea4ae94e8ab47d3fe79b	13195	source/s12/search/mixed_cover.py
s12/search/mixed_records.py	fe20f525753626757f6ed2ad63dbbe30d5d1a91b	10182	source/s12/search/mixed_records.py
s12/search/qx2_family_check.py	96173b50c9d54d7a94dc93a735b9646bf0616007	5862	source/s12/search/qx2_family_check.py
s12/search/qx2_records.py	7c83638875d04d38dd1e47839d4221124aea8fba	15380	source/s12/search/qx2_records.py
s12/search/qx2_zm.py	256fd4bbf0e446a022f63be09a999dc69e3ac024	64316	source/s12/search/qx2_zm.py
s12/search/qx2_zm_test.py	aeab187d142d593455a027e1fe2a3b0a8f09811a	27101	source/s12/search/qx2_zm_test.py
s12/search/s21_nuf5_exact_support.txt	46fad8c3afb17e0f3029ecf4c8dfc51e1cef5afd	54870	source/s12/search/s21_nuf5_exact_support.txt
s12/search/s61_wand125/MANIFEST.txt	3fc4497128649e72f27b8a545019afc4d2044841	3545	source/s12/search/s61_wand125/MANIFEST.txt
s12/search/zeromargin.py	cd881bdd391cbeeb1eba80d8954d16bf1d82e3bc	79383	source/s12/search/zeromargin.py
s12/search/zm_mixed.py	577d4f22058d452513b3f287cf1c9a57b6d97897	86265	source/s12/search/zm_mixed.py
s12/verify2/src/bin/zmx2.rs	3e15dda103a78ce5bf841f336e91163023375ba4	154231	source/s12/verify2/src/bin/zmx2.rs
site/www/proofs.html	99bee97b09e9cdd1c1ebab8a5f371d5d9a929924	14468	source/site/www/proofs.html
site/www/sources.html	bbe0f61c8f04ce9af93b9c0d8499c1fd89a7211f	28578	source/site/www/sources.html
